{
"lengthUnit": "mil",
"components": {
	"fields": ["COMPONENT_NO", "COMPONENT_NAME", "LAYER", "X_COORDINATE", "Y_COORDINATE", "ANGLE"],
	"rows": [
		[1, "1V8", "T", 770, 625, 90],
		[2, "3V3", "T", 825, 380, 90],
		[3, "3V3_F", "T", -970, -720, 180],
		[4, "BOOT", "T", 940, 185, 270],
		[5, "C1", "T", -865, -710, 90],
		[6, "C2", "T", -1030, -630, 0],
		[7, "C3", "T", 840, 495, 0],
		[8, "C4", "T", 920, 350, 270],
		[9, "C5", "T", 875, 560, 0],
		[10, "C6", "T", 899.87, 625, 0],
		[11, "C7", "T", 690, 510, 90],
		[12, "C8", "T", -760, -425, 45],
		[13, "C9", "T", -770, -600, 180],
		[14, "H1", "T", -1155, -750, 0],
		[15, "H2", "T", -215, -885, 0],
		[16, "H3", "T", 955, -435, 90],
		[17, "H4", "T", 805, 835, 0],
		[18, "H5", "T", -270, 840, 0],
		[19, "H6", "T", -1180, 385, 270],
		[20, "H7", "T", -910, 460, 90],
		[21, "PWR", "T", -865, -205, 270],
		[22, "R1", "T", -1005, -30, 0],
		[23, "RBOOT", "T", 775, 140, 90],
		[24, "RESET", "T", -685, -720, 0],
		[25, "RP", "T", -895, -110, 180],
		[26, "RST", "T", -705, -500, 0],
		[27, "RU", "T", -850, 215, 270],
		[28, "USB", "T", -1065, -360, 270],
		[29, "USR_LED", "T", -845, 90, 270]
	]
},
"pins": {
	"fields": ["PIN_NO", "PIN_NAME", "PIN_X", "PIN_Y", "LAYER", "PIN_TYPE", "NET_NAME", "NET_TYPE", "PAD_SHAPE", "PAD_SIZEX", "PAD_SIZEY", "HOLE_SIZE", "PAD_ANGLE"],
	"rows": [
		[1, "1V8_1", 807.4, 676.18, "T", "SMD", "1V8_1", "", "R", 43.31, 23.62, 0, 90],
		[2, "1V8_2", 770, 676.18, "T", "SMD", "1V8_2", "", "R", 43.31, 23.62, 0, 90],
		[3, "1V8_3", 732.6, 676.18, "T", "SMD", "1V8_3", "", "R", 43.31, 23.62, 0, 90],
		[4, "1V8_4", 732.6, 573.82, "T", "SMD", "1V8_4", "", "R", 43.31, 23.62, 0, 90],
		[5, "1V8_5", 807.4, 573.82, "T", "SMD", "1V8_5", "", "R", 43.31, 23.62, 0, 90],
		[6, "3V3_1", 862.4, 431.18, "T", "SMD", "3V3_1", "", "R", 43.31, 23.62, 0, 90],
		[7, "3V3_2", 825, 431.18, "T", "SMD", "3V3_2", "", "R", 43.31, 23.62, 0, 90],
		[8, "3V3_3", 787.6, 431.18, "T", "SMD", "3V3_3", "", "R", 43.31, 23.62, 0, 90],
		[9, "3V3_4", 787.6, 328.82, "T", "SMD", "3V3_4", "", "R", 43.31, 23.62, 0, 90],
		[10, "3V3_5", 862.4, 328.82, "T", "SMD", "3V3_5", "", "R", 43.31, 23.62, 0, 90],
		[11, "3V3_F_1", -1021.18, -682.6, "T", "SMD", "3V3_F_1", "", "R", 43.31, 23.62, 0, 180],
		[12, "3V3_F_2", -1021.18, -720, "T", "SMD", "3V3_F_2", "", "R", 43.31, 23.62, 0, 180],
		[13, "3V3_F_3", -1021.18, -757.4, "T", "SMD", "3V3_F_3", "", "R", 43.31, 23.62, 0, 180],
		[14, "3V3_F_4", -918.82, -757.4, "T", "SMD", "3V3_F_4", "", "R", 43.31, 23.62, 0, 180],
		[15, "3V3_F_5", -918.82, -682.6, "T", "SMD", "3V3_F_5", "", "R", 43.31, 23.62, 0, 180],
		[16, "BOOT_1", 940, 271.02, "T", "SMD", "BOOT_1", "", "R", 48.42, 53.54, 0, 270],
		[17, "BOOT_2", 940, 98.98, "T", "SMD", "BOOT_2", "", "R", 48.42, 53.54, 0, 270],
		[18, "C1_1", -865, -731.46, "T", "SMD", "C1_1", "", "R", 31.11, 21.26, 0, 90],
		[19, "C1_2", -865, -688.54, "T", "SMD", "C1_2", "", "R", 31.11, 21.26, 0, 90],
		[20, "C2_1", -1051.46, -630, "T", "SMD", "C2_1", "", "R", 31.11, 21.26, 0, 0],
		[21, "C2_2", -1008.54, -630, "T", "SMD", "C2_2", "", "R", 31.11, 21.26, 0, 0],
		[22, "C3_1", 818.54, 495, "T", "SMD", "C3_1", "", "R", 31.11, 21.26, 0, 0],
		[23, "C3_2", 861.46, 495, "T", "SMD", "C3_2", "", "R", 31.11, 21.26, 0, 0],
		[24, "C4_1", 920, 371.46, "T", "SMD", "C4_1", "", "R", 31.11, 21.26, 0, 270],
		[25, "C4_2", 920, 328.54, "T", "SMD", "C4_2", "", "R", 31.11, 21.26, 0, 270],
		[26, "C5_1", 853.54, 560, "T", "SMD", "C5_1", "", "R", 31.11, 21.26, 0, 0],
		[27, "C5_2", 896.46, 560, "T", "SMD", "C5_2", "", "R", 31.11, 21.26, 0, 0],
		[28, "C6_1", 878.41, 625, "T", "SMD", "C6_1", "", "R", 31.11, 21.26, 0, 0],
		[29, "C6_2", 921.33, 625, "T", "SMD", "C6_2", "", "R", 31.11, 21.26, 0, 0],
		[30, "C7_1", 690, 488.54, "T", "SMD", "C7_1", "", "R", 31.11, 21.26, 0, 90],
		[31, "C7_2", 690, 531.46, "T", "SMD", "C7_2", "", "R", 31.11, 21.26, 0, 90],
		[32, "C8_1", -775.17, -440.17, "T", "SMD", "C8_1", "", "R", 31.11, 21.26, 0, 45],
		[33, "C8_2", -744.83, -409.83, "T", "SMD", "C8_2", "", "R", 31.11, 21.26, 0, 45],
		[34, "C9_1", -748.54, -600, "T", "SMD", "C9_1", "", "R", 31.11, 21.26, 0, 180],
		[35, "C9_2", -791.46, -600, "T", "SMD", "C9_2", "", "R", 31.11, 21.26, 0, 180],
		[36, "H1_1", -1155, -800, "T", "DIP", "H1_1", "", "R", 70.87, 70.87, 47.24, 0],
		[37, "H1_1", -1155, -800, "B", "DIP", "H1_1", "", "R", 70.87, 70.87, 47.24, 0],
		[38, "H1_2", -1155, -700, "T", "DIP", "H1_2", "", "C", 70.87, 70.87, 47.24, 0],
		[39, "H1_2", -1155, -700, "B", "DIP", "H1_2", "", "C", 70.87, 70.87, 47.24, 0],
		[40, "H2_1", -365, -885, "T", "DIP", "H2_1", "", "R", 66.93, 66.93, 43.31, 0],
		[41, "H2_1", -365, -885, "B", "DIP", "H2_1", "", "R", 66.93, 66.93, 43.31, 0],
		[42, "H2_2", -265, -885, "T", "DIP", "H2_2", "", "C", 66.93, 66.93, 43.31, 0],
		[43, "H2_2", -265, -885, "B", "DIP", "H2_2", "", "C", 66.93, 66.93, 43.31, 0],
		[44, "H2_3", -165, -885, "T", "DIP", "H2_3", "", "C", 66.93, 66.93, 43.31, 0],
		[45, "H2_3", -165, -885, "B", "DIP", "H2_3", "", "C", 66.93, 66.93, 43.31, 0],
		[46, "H2_4", -65, -885, "T", "DIP", "H2_4", "", "C", 66.93, 66.93, 43.31, 0],
		[47, "H2_4", -65, -885, "B", "DIP", "H2_4", "", "C", 66.93, 66.93, 43.31, 0],
		[48, "H3_1", 955, -885, "T", "DIP", "H3_1", "", "R", 62, 66.93, 43.31, 90],
		[49, "H3_1", 955, -885, "B", "DIP", "H3_1", "", "R", 62, 66.93, 43.31, 90],
		[50, "H3_2", 955, -785, "T", "DIP", "H3_2", "", "C", 66.93, 66.93, 43.31, 90],
		[51, "H3_2", 955, -785, "B", "DIP", "H3_2", "", "C", 66.93, 66.93, 43.31, 90],
		[52, "H3_3", 955, -685, "T", "DIP", "H3_3", "", "C", 66.93, 66.93, 43.31, 90],
		[53, "H3_3", 955, -685, "B", "DIP", "H3_3", "", "C", 66.93, 66.93, 43.31, 90],
		[54, "H3_4", 955, -585, "T", "DIP", "H3_4", "", "C", 66.93, 66.93, 43.31, 90],
		[55, "H3_4", 955, -585, "B", "DIP", "H3_4", "", "C", 66.93, 66.93, 43.31, 90],
		[56, "H3_5", 955, -485, "T", "DIP", "H3_5", "", "C", 66.93, 66.93, 43.31, 90],
		[57, "H3_5", 955, -485, "B", "DIP", "H3_5", "", "C", 66.93, 66.93, 43.31, 90],
		[58, "H3_6", 955, -385, "T", "DIP", "H3_6", "", "C", 66.93, 66.93, 43.31, 90],
		[59, "H3_6", 955, -385, "B", "DIP", "H3_6", "", "C", 66.93, 66.93, 43.31, 90],
		[60, "H3_7", 955, -285, "T", "DIP", "H3_7", "", "C", 66.93, 66.93, 43.31, 90],
		[61, "H3_7", 955, -285, "B", "DIP", "H3_7", "", "C", 66.93, 66.93, 43.31, 90],
		[62, "H3_8", 955, -185, "T", "DIP", "H3_8", "", "C", 66.93, 66.93, 43.31, 90],
		[63, "H3_8", 955, -185, "B", "DIP", "H3_8", "", "C", 66.93, 66.93, 43.31, 90],
		[64, "H3_9", 955, -85, "T", "DIP", "H3_9", "", "C", 66.93, 66.93, 43.31, 90],
		[65, "H3_9", 955, -85, "B", "DIP", "H3_9", "", "C", 66.93, 66.93, 43.31, 90],
		[66, "H3_10", 955, 15, "T", "DIP", "H3_10", "", "C", 66.93, 66.93, 43.31, 90],
		[67, "H3_10", 955, 15, "B", "DIP", "H3_10", "", "C", 66.93, 66.93, 43.31, 90],
		[68, "H4_1", 655, 835, "T", "DIP", "H4_1", "", "R", 66.93, 66.93, 43.31, 0],
		[69, "H4_1", 655, 835, "B", "DIP", "H4_1", "", "R", 66.93, 66.93, 43.31, 0],
		[70, "H4_2", 755, 835, "T", "DIP", "H4_2", "", "C", 66.93, 66.93, 43.31, 0],
		[71, "H4_2", 755, 835, "B", "DIP", "H4_2", "", "C", 66.93, 66.93, 43.31, 0],
		[72, "H4_3", 855, 835, "T", "DIP", "H4_3", "", "C", 66.93, 66.93, 43.31, 0],
		[73, "H4_3", 855, 835, "B", "DIP", "H4_3", "", "C", 66.93, 66.93, 43.31, 0],
		[74, "H4_4", 955, 835, "T", "DIP", "H4_4", "", "C", 66.93, 66.93, 43.31, 0],
		[75, "H4_4", 955, 835, "B", "DIP", "H4_4", "", "C", 66.93, 66.93, 43.31, 0],
		[76, "H5_1", -870, 840, "T", "DIP", "H5_1", "", "R", 62.99, 62.99, 41.34, 0],
		[77, "H5_1", -870, 840, "B", "DIP", "H5_1", "", "R", 62.99, 62.99, 41.34, 0],
		[78, "H5_2", -770, 840, "T", "DIP", "H5_2", "", "C", 62.99, 62.99, 41.34, 0],
		[79, "H5_2", -770, 840, "B", "DIP", "H5_2", "", "C", 62.99, 62.99, 41.34, 0],
		[80, "H5_3", -670, 840, "T", "DIP", "H5_3", "", "C", 62.99, 62.99, 41.34, 0],
		[81, "H5_3", -670, 840, "B", "DIP", "H5_3", "", "C", 62.99, 62.99, 41.34, 0],
		[82, "H5_4", -570, 840, "T", "DIP", "H5_4", "", "C", 62.99, 62.99, 41.34, 0],
		[83, "H5_4", -570, 840, "B", "DIP", "H5_4", "", "C", 62.99, 62.99, 41.34, 0],
		[84, "H5_5", -470, 840, "T", "DIP", "H5_5", "", "C", 62.99, 62.99, 41.34, 0],
		[85, "H5_5", -470, 840, "B", "DIP", "H5_5", "", "C", 62.99, 62.99, 41.34, 0],
		[86, "H5_6", -370, 840, "T", "DIP", "H5_6", "", "C", 62.99, 62.99, 41.34, 0],
		[87, "H5_6", -370, 840, "B", "DIP", "H5_6", "", "C", 62.99, 62.99, 41.34, 0],
		[88, "H5_7", -270, 840, "T", "DIP", "H5_7", "", "C", 62.99, 62.99, 41.34, 0],
		[89, "H5_7", -270, 840, "B", "DIP", "H5_7", "", "C", 62.99, 62.99, 41.34, 0],
		[90, "H5_8", -170, 840, "T", "DIP", "H5_8", "", "C", 62.99, 62.99, 41.34, 0],
		[91, "H5_8", -170, 840, "B", "DIP", "H5_8", "", "C", 62.99, 62.99, 41.34, 0],
		[92, "H5_9", -70, 840, "T", "DIP", "H5_9", "", "C", 62.99, 62.99, 41.34, 0],
		[93, "H5_9", -70, 840, "B", "DIP", "H5_9", "", "C", 62.99, 62.99, 41.34, 0],
		[94, "H5_10", 30, 840, "T", "DIP", "H5_10", "", "C", 62.99, 62.99, 41.34, 0],
		[95, "H5_10", 30, 840, "B", "DIP", "H5_10", "", "C", 62.99, 62.99, 41.34, 0],
		[96, "H5_11", 130, 840, "T", "DIP", "H5_11", "", "C", 62.99, 62.99, 41.34, 0],
		[97, "H5_11", 130, 840, "B", "DIP", "H5_11", "", "C", 62.99, 62.99, 41.34, 0],
		[98, "H5_12", 230, 840, "T", "DIP", "H5_12", "", "C", 62.99, 62.99, 41.34, 0],
		[99, "H5_12", 230, 840, "B", "DIP", "H5_12", "", "C", 62.99, 62.99, 41.34, 0],
		[100, "H5_13", 330, 840, "T", "DIP", "H5_13", "", "C", 62.99, 62.99, 41.34, 0],
		[101, "H5_13", 330, 840, "B", "DIP", "H5_13", "", "C", 62.99, 62.99, 41.34, 0],
		[102, "H6_1", -1180, 835, "T", "DIP", "H6_1", "", "R", 62, 66.93, 43.31, 270],
		[103, "H6_1", -1180, 835, "B", "DIP", "H6_1", "", "R", 62, 66.93, 43.31, 270],
		[104, "H6_2", -1180, 735, "T", "DIP", "H6_2", "", "C", 66.93, 66.93, 43.31, 270],
		[105, "H6_2", -1180, 735, "B", "DIP", "H6_2", "", "C", 66.93, 66.93, 43.31, 270],
		[106, "H6_3", -1180, 635, "T", "DIP", "H6_3", "", "C", 66.93, 66.93, 43.31, 270],
		[107, "H6_3", -1180, 635, "B", "DIP", "H6_3", "", "C", 66.93, 66.93, 43.31, 270],
		[108, "H6_4", -1180, 535, "T", "DIP", "H6_4", "", "C", 66.93, 66.93, 43.31, 270],
		[109, "H6_4", -1180, 535, "B", "DIP", "H6_4", "", "C", 66.93, 66.93, 43.31, 270],
		[110, "H6_5", -1180, 435, "T", "DIP", "H6_5", "", "C", 66.93, 66.93, 43.31, 270],
		[111, "H6_5", -1180, 435, "B", "DIP", "H6_5", "", "C", 66.93, 66.93, 43.31, 270],
		[112, "H6_6", -1180, 335, "T", "DIP", "H6_6", "", "C", 66.93, 66.93, 43.31, 270],
		[113, "H6_6", -1180, 335, "B", "DIP", "H6_6", "", "C", 66.93, 66.93, 43.31, 270],
		[114, "H6_7", -1180, 235, "T", "DIP", "H6_7", "", "C", 66.93, 66.93, 43.31, 270],
		[115, "H6_7", -1180, 235, "B", "DIP", "H6_7", "", "C", 66.93, 66.93, 43.31, 270],
		[116, "H6_8", -1180, 135, "T", "DIP", "H6_8", "", "C", 66.93, 66.93, 43.31, 270],
		[117, "H6_8", -1180, 135, "B", "DIP", "H6_8", "", "C", 66.93, 66.93, 43.31, 270],
		[118, "H6_9", -1180, 35, "T", "DIP", "H6_9", "", "C", 66.93, 66.93, 43.31, 270],
		[119, "H6_9", -1180, 35, "B", "DIP", "H6_9", "", "C", 66.93, 66.93, 43.31, 270],
		[120, "H6_10", -1180, -65, "T", "DIP", "H6_10", "", "C", 66.93, 66.93, 43.31, 270],
		[121, "H6_10", -1180, -65, "B", "DIP", "H6_10", "", "C", 66.93, 66.93, 43.31, 270],
		[122, "H7_1", -860, 410, "T", "DIP", "H7_1", "", "R", 60, 60, 36, 90],
		[123, "H7_1", -860, 410, "B", "DIP", "H7_1", "", "R", 60, 60, 36, 90],
		[124, "H7_2", -960, 410, "T", "DIP", "H7_2", "", "C", 60, 60, 36, 90],
		[125, "H7_2", -960, 410, "B", "DIP", "H7_2", "", "C", 60, 60, 36, 90],
		[126, "H7_3", -860, 510, "T", "DIP", "H7_3", "", "C", 60, 60, 36, 90],
		[127, "H7_3", -860, 510, "B", "DIP", "H7_3", "", "C", 60, 60, 36, 90],
		[128, "H7_4", -960, 510, "T", "DIP", "H7_4", "", "C", 60, 60, 36, 90],
		[129, "H7_4", -960, 510, "B", "DIP", "H7_4", "", "C", 60, 60, 36, 90],
		[130, "PWR_1", -865, -183.81, "T", "SMD", "PWR_1", "", "R", 25.06, 21.26, 0, 270],
		[131, "PWR_2", -865, -226.19, "T", "SMD", "PWR_2", "", "R", 25.06, 21.26, 0, 270],
		[132, "R1_1", -1034.66, -30, "T", "SMD", "R1_1", "", "R", 31.75, 34.02, 0, 0],
		[133, "R1_2", -975.34, -30, "T", "SMD", "R1_2", "", "R", 31.75, 34.02, 0, 0],
		[134, "RBOOT_1", 775, 122.96, "T", "SMD", "RBOOT_1", "", "R", 22.27, 21.26, 0, 90],
		[135, "RBOOT_2", 775, 157.04, "T", "SMD", "RBOOT_2", "", "R", 22.27, 21.26, 0, 90],
		[136, "RESET_1", -771.02, -720, "T", "SMD", "RESET_1", "", "R", 48.42, 53.54, 0, 0],
		[137, "RESET_2", -598.98, -720, "T", "SMD", "RESET_2", "", "R", 48.42, 53.54, 0, 0],
		[138, "RP_1", -877.96, -110, "T", "SMD", "RP_1", "", "R", 22.27, 21.26, 0, 180],
		[139, "RP_2", -912.04, -110, "T", "SMD", "RP_2", "", "R", 22.27, 21.26, 0, 180],
		[140, "RST_1", -722.04, -500, "T", "SMD", "RST_1", "", "R", 22.27, 21.26, 0, 0],
		[141, "RST_2", -687.96, -500, "T", "SMD", "RST_2", "", "R", 22.27, 21.26, 0, 0],
		[142, "RU_1", -850, 232.04, "T", "SMD", "RU_1", "", "R", 22.27, 21.26, 0, 270],
		[143, "RU_2", -850, 197.96, "T", "SMD", "RU_2", "", "R", 22.27, 21.26, 0, 270],
		[144, "USB_13", -1005.16, -158.43, "T", "SMD", "USB_13", "", "R", 78.74, 78.74, 0, 270],
		[145, "USB_14", -1005.16, -561.58, "T", "SMD", "USB_14", "", "R", 78.74, 78.74, 0, 270],
		[146, "USB_15", -1158.7, -158.42, "T", "SMD", "USB_15", "", "R", 78.74, 78.74, 0, 270],
		[147, "USB_16", -1158.7, -561.58, "T", "SMD", "USB_16", "", "R", 78.74, 78.74, 0, 270],
		[148, "USB_A1B12", -971.3, -234.01, "T", "SMD", "USB_A1B12", "", "R", 23.62, 51.18, 0, 270],
		[149, "USB_A4B9", -971.3, -265.51, "T", "SMD", "USB_A4B9", "", "R", 23.62, 51.18, 0, 270],
		[150, "USB_A5", -971.3, -310.8, "T", "SMD", "USB_A5", "", "R", 11.81, 51.18, 0, 270],
		[151, "USB_A6", -971.3, -350.16, "T", "SMD", "USB_A6", "", "R", 11.81, 51.18, 0, 270],
		[152, "USB_A7", -971.3, -369.84, "T", "SMD", "USB_A7", "", "R", 11.81, 51.18, 0, 270],
		[153, "USB_A8", -971.3, -409.21, "T", "SMD", "USB_A8", "", "R", 11.81, 51.18, 0, 270],
		[154, "USB_B1A12", -971.31, -485.99, "T", "SMD", "USB_B1A12", "", "R", 23.62, 51.18, 0, 270],
		[155, "USB_B4A9", -971.3, -454.5, "T", "SMD", "USB_B4A9", "", "R", 23.62, 51.18, 0, 270],
		[156, "USB_B5", -971.3, -428.91, "T", "SMD", "USB_B5", "", "R", 11.81, 51.18, 0, 270],
		[157, "USB_B6", -971.3, -389.54, "T", "SMD", "USB_B6", "", "R", 11.81, 51.18, 0, 270],
		[158, "USB_B7", -971.3, -330.48, "T", "SMD", "USB_B7", "", "R", 11.81, 51.18, 0, 270],
		[159, "USB_B8", -971.3, -291.1, "T", "SMD", "USB_B8", "", "R", 11.81, 51.18, 0, 270],
		[160, "USR_LED_1", -845, 65.47, "T", "SMD", "USR_LED_1", "", "R", 29.53, 23.62, 0, 270],
		[161, "USR_LED_2", -845, 114.53, "T", "SMD", "USR_LED_2", "", "R", 29.53, 23.62, 0, 270]
	]
}
}